district_id,district_name,CO2_emission_kilotons,Average_energy_consumption_kWh_per_household,Green_area_per_capita_m2,Waste_recycling_rate_pct,Population_density_people_per_km2,Traffic_index_0_100,DSI_target_0_100
D524,District_524,1154.6,10771.2,6.85,32.3,1363.8,,25.5
D603,District_603,286.76,,32.78,36.7,143.0,,65.37
D527,District_527,861.63,10140.8,16.31,20.4,1769.3,61.5,34.42
D032,District_032,287.53,7300.5,42.34,43.4,,52.2,71.68
D617,District_617,83.49,6403.1,34.81,46.0,145.7,24.9,76.69
D586,District_586,478.87,7711.5,32.99,42.5,,51.4,
D445,District_445,1091.7,10127.0,32.95,34.1,1638.7,75.6,40.45
D733,District_733,1209.1,11159.2,18.61,29.4,1961.5,95.0,25.02
D077,District_077,595.27,7536.6,30.36,54.5,355.2,40.6,60.26
D412,District_412,668.89,8982.9,17.61,24.8,,67.6,
D569,District_569,49.08,5370.7,35.18,45.2,238.3,6.6,80.21
D071,District_071,726.29,9063.6,23.3,41.1,587.0,65.0,51.78
D676,District_676,716.05,7248.5,24.01,43.8,391.5,71.9,52.31
D102,District_102,461.25,7492.4,16.53,35.6,517.1,43.1,57.43
D895,District_895,646.39,7566.2,22.08,38.0,,56.8,54.83
D926,District_926,706.15,7477.0,31.91,27.5,547.1,60.1,
D630,District_630,,,38.85,52.5,189.1,44.6,66.96
D300,District_300,810.11,,33.69,34.5,1041.1,87.2,47.58
D925,District_925,741.98,9003.7,,41.0,712.8,43.9,59.25
D425,District_425,1030.82,10259.8,19.69,,1476.4,81.8,32.22
,District_097,1416.41,12109.9,22.03,18.6,7511.4,73.9,13.55
D901,District_901,467.4,9367.7,29.68,48.1,133.0,41.8,61.04
D261,District_261,,8128.3,30.04,37.5,,60.1,50.39
D351,District_351,277.54,6500.0,30.04,49.5,178.1,29.9,72.64
D529,District_529,940.97,10224.0,31.16,39.2,396.5,52.6,49.2
D695,District_695,716.08,10032.5,33.64,25.5,394.7,82.0,45.53
D362,District_362,329.14,7564.8,29.98,,130.4,29.8,68.68
D612,,375.81,8235.3,39.27,46.1,,50.1,65.3
D885,District_885,558.02,8597.1,32.34,44.5,407.1,37.5,62.89
D721,District_721,907.45,11033.8,32.26,39.5,,77.0,41.98
,District_487,605.82,7933.2,18.13,47.4,708.9,50.5,58.36
D694,District_694,387.6,,34.18,29.6,168.1,61.4,
D679,District_679,489.43,7616.2,31.65,40.1,,57.4,59.9
D810,District_810,927.1,8812.0,24.41,24.5,561.2,69.9,41.97
D409,District_409,826.64,9178.0,21.41,33.7,731.5,79.1,41.81
D741,District_741,464.73,7850.2,36.02,37.8,320.3,45.1,58.42
D214,District_214,728.61,,19.79,37.9,697.3,77.0,47.15
D590,District_590,64.59,7132.9,39.43,36.2,80.0,55.7,74.27
D366,District_366,337.53,8618.2,35.0,37.0,145.4,43.1,63.37
D200,District_200,313.4,8755.6,31.5,41.7,770.3,34.4,60.72
D637,District_637,579.19,6550.2,37.69,53.5,232.0,44.7,68.57
D629,District_629,749.92,11244.1,11.52,36.7,461.9,81.5,36.71
D829,District_829,643.99,8451.5,28.53,30.7,161.4,65.6,52.31
D353,District_353,232.86,6536.1,39.52,50.2,98.4,25.2,76.2
D330,District_330,965.83,10423.9,24.78,26.4,908.8,,41.61
D982,District_982,776.64,10363.3,17.26,30.4,1688.6,49.8,39.43
D838,District_838,,8432.7,35.82,52.2,243.8,42.8,68.36
,District_245,385.26,8279.6,40.13,42.9,381.9,57.2,66.73
D287,District_287,774.46,8944.2,22.15,31.8,230.6,53.7,47.9
D290,District_290,525.96,7983.1,43.62,36.8,754.5,51.9,64.84
D599,District_599,,9612.6,40.98,,1115.8,57.7,54.84
D762,District_762,302.38,6300.1,47.04,68.7,80.0,,78.19
D060,District_060,585.39,10128.0,45.69,26.0,486.4,50.2,55.74
D623,District_623,317.67,6927.0,42.37,34.7,80.0,44.3,70.05
D319,District_319,651.12,8260.1,23.62,36.3,756.6,50.4,54.67
D011,District_011,196.5,7752.3,29.14,50.4,104.0,34.1,71.04
D238,District_238,925.97,8658.1,23.75,,3001.4,42.1,45.62
D332,District_332,718.24,8704.8,33.31,33.2,237.2,63.1,55.16
D706,District_706,,8634.1,27.97,49.8,333.5,50.9,59.24
D087,District_087,304.02,6704.0,49.38,43.2,219.1,33.0,75.48
D804,District_804,238.58,7560.8,46.94,45.5,85.8,17.0,77.97
D175,District_175,688.26,8235.0,38.11,54.2,278.9,51.6,61.56
D313,District_313,1031.73,11369.2,21.93,44.8,803.3,95.0,37.3
D463,District_463,843.91,8918.8,30.67,37.9,777.0,24.3,54.43
D219,District_219,617.21,7423.7,32.64,39.0,1705.0,63.3,57.47
D031,District_031,576.46,7090.7,,38.9,400.4,59.3,61.09
D548,District_548,393.33,7863.0,32.07,40.1,260.4,29.7,66.26
D665,District_665,1202.54,12540.0,8.44,37.7,1093.0,94.7,22.4
D055,District_055,883.46,9059.3,18.36,,,80.0,
D024,District_024,669.02,8940.6,,56.6,547.6,51.5,57.13
D257,District_257,20.0,6376.0,44.7,42.1,81.3,5.0,82.79
D451,District_451,481.2,8248.2,31.95,44.2,324.3,45.5,59.03
D004,District_004,496.29,8201.0,44.39,,80.0,27.2,68.19
D834,District_834,635.39,8829.4,23.91,43.1,583.9,53.6,51.77
D553,District_553,405.16,8646.3,44.32,,288.8,51.6,
D639,District_639,115.53,7071.8,41.18,50.2,,15.1,79.67
D478,District_478,854.43,9514.8,29.68,37.7,510.7,81.8,44.51
D957,District_957,595.98,8528.5,36.01,38.2,345.7,,60.75
D663,District_663,1088.91,,34.16,52.4,1751.2,79.4,42.17
D519,District_519,80.11,6277.1,37.23,47.7,,25.4,77.23
D961,District_961,691.2,9242.0,16.09,49.4,152.1,80.4,48.14
D954,,709.88,10140.4,33.53,44.1,883.4,,56.38
D980,District_980,410.64,8329.3,32.68,46.0,594.3,18.6,66.08
D576,District_576,707.49,8073.4,40.15,32.7,486.9,61.0,56.8
D540,District_540,580.74,7222.0,27.66,58.1,407.5,55.4,59.99
,District_216,808.29,10778.4,20.8,29.6,228.5,61.8,42.21
D738,District_738,1023.02,9079.2,27.35,34.0,1468.6,83.0,41.35
D999,District_999,813.73,8821.9,28.78,36.2,461.7,61.6,49.77
D714,District_714,706.76,7841.0,21.76,56.5,510.8,41.0,59.3
D668,District_668,617.82,10160.9,23.32,36.6,198.7,79.0,47.36
D040,District_040,643.47,6038.2,35.16,40.2,130.3,36.0,70.07
D232,District_232,881.81,8667.9,20.11,35.3,,67.2,
D495,District_495,771.02,9781.8,23.59,41.0,282.7,95.0,39.96
D705,District_705,748.35,8492.4,29.79,,554.5,73.9,53.89
D968,District_968,975.27,9641.2,33.14,19.6,1483.4,77.0,39.31
D067,District_067,675.8,,27.42,40.6,116.4,63.6,55.87
D295,District_295,202.34,5828.6,55.81,48.8,80.0,5.0,86.5
D068,,576.87,9069.9,24.66,45.6,398.6,46.6,55.1
D480,District_480,698.91,8052.4,26.29,43.5,301.9,52.7,55.71
D329,District_329,468.5,8931.8,22.52,34.6,482.1,50.4,53.04
D627,District_627,20.0,6037.9,37.64,40.2,115.2,30.9,77.49
D108,District_108,377.35,7122.2,,22.7,203.6,35.6,66.03
D984,District_984,,8428.6,23.19,34.4,,49.5,57.43
D347,District_347,745.68,9043.0,22.24,53.4,111.8,46.8,53.9
D299,District_299,,7240.6,31.55,53.8,169.0,58.4,65.99
D644,District_644,595.26,9227.8,37.77,47.0,543.7,70.3,56.57
D308,District_308,349.7,7148.6,33.33,39.7,171.9,36.0,67.11
D855,District_855,852.61,11003.0,21.9,38.9,637.0,85.1,37.77
D507,District_507,371.09,7514.8,44.37,48.3,80.0,22.3,76.22
D297,District_297,689.57,8351.0,28.95,40.1,463.3,76.9,
D881,District_881,659.93,8189.7,30.08,39.8,169.2,43.4,56.72
D667,District_667,891.4,11673.2,26.12,35.8,1096.7,68.0,39.08
D101,District_101,116.15,7609.4,,37.7,105.2,54.6,68.52
D089,District_089,153.28,7032.3,34.0,55.3,102.9,32.8,82.55
D064,District_064,,9044.2,27.25,36.5,924.5,70.4,45.1
,District_844,481.64,9178.7,26.73,32.7,330.0,69.0,49.68
D889,District_889,784.83,8740.8,25.2,49.0,,55.0,55.46
D140,District_140,816.9,8184.4,23.88,,777.1,64.0,53.22
D758,District_758,698.99,8021.9,35.27,38.5,1078.6,,56.64
D616,District_616,812.24,8680.2,22.49,37.7,671.8,84.7,43.99
D500,District_500,362.57,6957.4,44.17,39.5,284.8,37.8,71.03
D666,District_666,588.73,9417.7,22.47,38.8,868.5,83.3,47.48
D585,District_585,712.73,9376.4,22.91,36.1,589.2,34.0,52.48
D110,District_110,814.05,9385.2,30.9,42.6,453.2,74.5,48.58
D917,District_917,1019.42,10399.4,19.86,48.3,2213.7,,42.42
D651,District_651,628.96,8195.2,31.69,31.9,358.0,64.9,53.65
D534,District_534,813.54,8854.7,34.65,41.4,,64.9,53.3
D446,,219.18,5521.0,37.84,39.8,80.0,24.0,77.19
D606,District_606,634.12,9122.7,24.26,41.3,845.7,32.5,57.89
D137,District_137,897.98,9065.7,20.6,39.4,406.4,90.0,39.95
,District_812,619.05,,19.81,23.8,1559.7,,44.13
D515,District_515,780.16,11006.9,27.45,33.4,,79.0,42.1
D754,District_754,1337.2,12600.8,7.31,26.4,3110.6,95.0,15.19
D159,District_159,289.16,6926.6,39.86,46.9,80.0,36.9,75.11
D311,District_311,850.85,9393.1,24.92,35.1,656.8,43.6,42.49
D328,District_328,733.52,9088.4,15.86,20.7,949.2,82.7,33.16
D137,District_137,897.98,9065.7,20.6,39.4,406.4,90.0,39.95
D936,,978.19,11073.6,16.84,27.1,2033.9,95.0,30.42
D255,District_255,740.56,,3.12,41.5,823.5,49.9,39.31
D276,District_276,633.9,6749.2,32.75,58.2,240.6,29.4,67.33
D902,District_902,400.65,6856.3,33.61,46.9,447.4,57.5,64.77
,District_185,275.79,6044.6,47.22,32.2,267.9,32.3,75.75
D583,District_583,277.46,6081.3,41.44,31.2,207.5,17.1,74.78
D661,District_661,559.46,7933.8,31.64,43.3,268.0,64.2,59.86
D897,District_897,1110.75,11626.6,15.58,23.5,950.2,95.0,23.63
D210,District_210,324.72,7048.9,45.05,40.3,209.9,17.4,74.42
D169,District_169,311.55,7932.3,45.06,33.1,147.4,18.8,74.66
D867,District_867,839.77,9702.5,32.07,35.4,1443.0,66.8,44.27
D281,,643.15,10008.9,19.63,36.8,1137.7,57.9,45.45
D900,District_900,651.38,6739.7,28.22,42.8,,46.7,60.45
D542,District_542,967.31,12326.4,,36.2,2851.9,79.6,32.58
D056,District_056,119.64,6938.5,35.7,41.9,80.0,51.7,72.84
D121,District_121,1039.94,,9.8,34.2,1433.8,88.0,28.53
D555,,392.47,7968.2,41.11,48.3,658.0,28.5,70.59
D026,District_026,430.45,7780.8,36.76,41.2,304.0,57.9,63.05
D073,District_073,288.17,7520.5,37.04,43.2,481.9,59.1,67.74
D539,District_539,466.72,,35.46,61.0,120.2,52.7,65.75
D045,District_045,456.8,,32.72,42.1,247.2,45.6,65.7
D498,District_498,576.23,7056.4,30.26,47.8,284.6,33.4,61.28
D199,District_199,613.56,8675.3,22.39,,637.0,47.0,53.11
D378,District_378,806.83,10231.6,17.68,28.0,583.0,72.4,36.83
D315,District_315,356.43,5129.8,29.93,45.0,80.0,28.4,71.97
D719,District_719,1063.1,11600.9,23.98,20.9,561.4,95.0,28.72
D209,District_209,353.82,7673.7,29.69,50.0,198.9,35.8,67.64
D722,District_722,299.42,7933.6,21.95,48.1,227.8,50.8,61.96
D919,District_919,20.0,4917.2,46.49,48.8,109.7,5.0,85.46
D536,District_536,778.15,10480.4,17.62,37.5,699.2,95.0,40.36
D696,District_696,424.32,7039.9,22.29,33.3,563.0,70.5,56.0
D605,District_605,604.32,,37.64,45.5,111.3,82.5,58.26
D591,District_591,533.38,,36.35,53.1,141.5,8.8,71.35
D291,District_291,256.59,6585.8,39.61,,80.0,15.9,79.29
D960,District_960,533.28,8469.0,38.96,47.5,445.0,55.9,62.62
D333,District_333,588.33,8977.0,34.81,22.0,364.0,,47.12
D211,District_211,645.78,9034.1,22.81,34.6,843.0,62.8,49.22
D343,District_343,853.79,10327.0,,42.5,,62.3,47.17
D061,District_061,652.51,,32.12,,263.4,56.9,56.2
D345,District_345,674.92,,32.65,40.1,875.7,85.0,53.0
D891,District_891,,9054.4,21.86,42.4,620.8,62.7,46.93
D712,District_712,431.22,6708.5,28.15,45.5,168.1,34.6,64.59
D468,District_468,470.19,7513.1,30.54,37.1,271.2,45.2,63.75
D424,District_424,847.58,10759.2,27.13,48.6,747.4,92.6,44.38
D260,District_260,930.76,10322.1,20.88,40.8,2565.4,89.0,35.3
D781,District_781,569.16,8332.1,21.07,53.8,165.0,56.9,
D406,District_406,810.62,10570.0,10.14,33.4,231.5,95.0,35.39
D789,District_789,1051.39,10700.6,21.97,22.8,1637.2,83.4,34.13
D768,,999.26,8695.0,27.41,29.3,425.5,76.3,40.86
D484,District_484,747.26,8252.8,25.48,20.5,612.7,67.4,45.3
D531,District_531,497.78,8440.7,23.87,45.8,,50.0,58.9
D811,District_811,620.86,9032.1,32.13,24.7,119.6,49.8,52.45
D1000,,970.87,10854.7,,37.0,1485.3,90.0,29.86
D967,District_967,732.98,10084.5,27.48,57.6,185.6,70.3,49.13
D111,District_111,425.38,7667.3,34.78,55.1,626.9,25.9,70.03
D996,District_996,904.02,8693.0,33.04,46.1,796.0,65.4,55.75
D559,District_559,1131.79,9263.9,16.78,37.7,503.8,67.1,37.09
D794,District_794,788.93,10756.0,25.8,43.9,340.1,54.9,50.03
D937,District_937,615.0,,43.86,,561.2,72.9,55.36
D920,District_920,600.66,8355.8,42.9,41.1,1163.8,36.0,62.72
,District_943,645.66,9152.4,22.52,34.4,908.7,49.7,54.02
D320,District_320,721.26,10292.8,21.4,30.2,471.0,,42.26
D517,District_517,1158.25,10670.5,13.31,38.0,4083.6,92.3,25.75
D450,District_450,440.05,6604.9,31.44,44.9,380.5,45.8,69.13
D784,District_784,398.59,6736.4,45.66,45.1,129.7,10.8,73.4
D594,District_594,544.27,7196.7,32.3,34.5,615.0,70.4,60.37
D910,District_910,790.96,8569.0,34.5,50.3,112.1,45.4,58.47
D744,District_744,586.76,8961.7,43.83,40.4,245.8,47.5,62.51
D138,District_138,591.76,8976.7,26.35,40.6,603.3,54.3,53.17
D800,District_800,112.66,6202.5,39.19,61.3,94.1,5.3,83.2
D934,District_934,551.68,9343.3,29.69,43.1,310.2,45.9,54.42
D823,District_823,718.74,8944.1,20.87,37.1,433.5,75.5,49.65
D766,District_766,415.12,7695.4,22.14,48.2,157.0,45.9,57.87
D262,District_262,627.61,9230.3,23.67,34.6,265.4,34.3,55.13
D568,District_568,447.94,,34.3,42.8,,44.7,66.14
D833,District_833,658.27,8489.0,37.68,49.3,1199.4,60.2,56.96
D382,,459.31,6856.1,43.45,44.0,502.7,42.3,75.16
D334,District_334,878.12,8614.0,18.31,45.9,1784.2,69.5,41.36
D537,District_537,379.37,6848.7,31.36,52.5,179.3,29.6,71.25
D352,District_352,655.46,9379.7,,46.0,633.5,33.7,57.83
D786,,1023.02,9229.7,32.96,25.2,2570.1,75.4,36.63
D452,District_452,379.09,8658.2,26.41,46.1,,49.3,58.95
D079,District_079,20.0,,50.75,46.0,177.9,,87.99
D030,District_030,626.58,8019.8,39.94,32.7,368.5,33.2,62.83
D713,District_713,703.39,8249.5,30.21,33.2,243.9,61.4,52.06
D278,District_278,767.15,8280.0,23.23,32.9,2326.6,58.2,48.38
D248,District_248,818.54,9715.9,23.86,35.5,962.1,93.5,41.86
D658,,535.5,6885.7,44.45,33.5,285.6,,66.11
D307,District_307,1140.29,11044.4,24.19,44.5,3877.3,75.0,32.0
D166,District_166,601.69,7611.0,39.5,42.0,133.0,25.4,66.7
D817,District_817,656.27,8393.4,32.44,39.1,294.9,62.5,52.93
D179,District_179,641.75,7989.7,24.25,36.7,828.2,79.7,51.08
D486,District_486,520.72,7825.9,28.74,42.2,467.6,35.8,57.95
D066,District_066,765.25,9292.6,16.46,47.5,645.4,,
D142,District_142,749.93,9272.4,30.82,31.1,274.7,38.9,53.33
D437,District_437,734.77,12138.1,19.27,37.3,793.2,51.6,42.89
D523,District_523,494.8,6935.3,40.04,34.8,644.2,39.6,
D845,District_845,955.4,11345.3,25.85,,1179.3,78.2,38.55
D421,District_421,540.43,7020.4,34.47,19.9,204.0,32.5,
D405,District_405,585.36,8906.9,17.88,48.3,804.1,46.3,56.06
D680,District_680,982.67,11155.8,7.01,41.5,791.1,95.0,34.82
D266,District_266,,6341.9,,52.4,91.8,32.1,
D880,District_880,987.43,11385.1,26.07,36.3,1417.0,54.5,39.17
D293,District_293,359.24,8372.7,25.87,49.0,345.8,69.7,59.73
D222,District_222,1096.07,9052.2,11.26,30.2,3643.1,62.0,26.91
D828,District_828,614.51,9431.5,21.83,42.0,415.6,66.8,52.19
D236,District_236,279.08,7573.0,43.07,33.8,394.6,33.7,
D526,District_526,726.16,8854.5,22.3,38.0,820.3,58.4,44.24
D193,,689.33,7722.1,14.65,39.2,461.8,56.0,49.17
D322,District_322,743.31,9263.4,,35.3,687.2,66.0,48.35
D050,District_050,472.24,7854.5,,42.6,295.8,36.5,55.52
D892,District_892,984.98,8680.6,23.89,37.1,890.1,64.8,
D003,District_003,915.91,8985.3,25.34,42.1,2051.9,67.8,42.52
D818,District_818,431.37,7250.6,32.23,46.7,389.8,59.5,64.85
D371,District_371,349.06,9717.2,27.05,39.1,105.8,49.6,57.51
D922,District_922,468.46,6876.1,32.03,24.1,386.8,61.4,58.99
D250,District_250,762.77,9374.2,24.13,38.8,392.1,87.3,47.44
D549,,547.3,7703.4,,39.0,,34.6,65.48
D433,District_433,586.2,7820.2,30.65,50.2,502.3,43.9,61.55
D939,District_939,993.59,10346.0,23.13,36.2,425.5,67.5,42.93
D508,District_508,545.4,8823.7,34.73,45.9,201.4,43.3,62.95
D034,District_034,412.94,8293.2,31.18,35.9,668.4,,58.91
D205,District_205,450.17,7355.6,29.89,52.5,407.4,45.2,67.09
D890,District_890,610.28,7084.2,,37.5,271.9,18.9,66.88
D589,District_589,20.0,6928.5,38.06,55.9,173.2,33.7,79.85
D731,District_731,675.44,8387.7,28.49,49.2,649.6,54.2,
D078,District_078,499.39,8645.1,31.82,50.0,348.4,27.5,63.07
D085,District_085,829.62,9897.5,27.43,41.8,1560.7,69.8,47.18
D306,District_306,440.3,7158.3,36.84,38.9,155.3,57.7,66.04
D083,District_083,944.04,10835.8,16.41,33.2,2228.9,77.2,34.92
D449,District_449,1013.91,8761.0,17.83,55.1,532.7,67.2,48.7
D998,District_998,770.95,7605.9,16.41,46.1,479.9,,52.54
D752,District_752,539.21,7273.7,28.29,44.3,131.9,53.5,
D532,District_532,515.96,7424.7,43.91,43.4,639.0,52.0,65.83
D324,District_324,743.74,9256.0,,39.2,1268.0,61.9,49.31
D496,District_496,926.25,10272.7,9.57,33.1,625.1,73.9,37.1
D911,District_911,371.65,6859.3,41.36,,184.2,50.8,70.93
D006,District_006,589.82,10120.6,30.68,39.8,635.0,70.1,49.83
D426,District_426,667.36,9242.1,33.35,35.4,328.4,45.2,52.44
D491,District_491,657.74,9712.3,,35.6,288.1,62.7,54.98
D098,District_098,406.55,7268.4,33.51,43.2,241.9,,66.84
D762,District_762,302.38,6300.1,47.04,68.7,80.0,,78.19
D423,District_423,381.21,8771.2,18.37,55.1,546.3,54.8,56.49
D886,,705.22,,38.24,36.3,,64.6,57.09
D282,,573.02,9469.8,18.91,33.9,300.3,46.8,51.49
D267,,501.01,6783.2,38.1,49.9,178.5,29.9,68.11
D443,District_443,491.98,8729.3,20.02,60.0,253.5,50.3,54.96
D746,,503.18,6240.1,45.52,45.6,288.1,37.4,73.01
D383,District_383,701.7,8838.2,18.21,41.4,,36.5,51.24
D693,District_693,543.24,6999.7,,48.7,209.3,61.9,60.71
D894,District_894,600.72,8778.2,29.13,34.2,559.7,29.9,59.16
D535,District_535,964.92,10175.0,21.63,37.5,434.1,62.9,42.11
D119,District_119,1347.18,11381.4,18.81,28.4,2056.6,79.7,22.35
D389,District_389,846.28,8971.8,26.86,38.6,423.7,77.8,47.06
D251,District_251,440.54,8382.3,26.28,47.3,173.5,42.6,61.11
D944,District_944,795.84,9847.0,20.59,30.8,713.3,66.4,43.53
D454,,808.78,7433.6,,37.6,1170.7,65.5,47.02
D010,District_010,707.57,7501.7,40.78,40.3,256.7,66.9,56.72
D197,District_197,655.21,,33.66,30.3,277.3,49.5,54.2
D619,District_619,931.5,10057.4,34.06,37.9,,82.4,43.54
D082,District_082,886.87,9803.3,31.84,28.5,1330.6,66.3,43.34
D399,District_399,703.33,10882.4,25.92,53.7,748.5,,44.66
D502,District_502,256.28,7995.8,,43.2,102.3,35.3,67.26
D635,District_635,253.49,6416.0,,45.0,237.1,41.7,71.43
D240,District_240,419.49,8255.7,23.59,,80.0,57.2,58.09
D310,District_310,208.27,6593.1,35.65,33.8,251.0,44.9,72.01
D212,District_212,478.56,,38.24,,441.3,63.3,63.15
D835,District_835,621.45,7942.1,40.63,38.7,414.6,78.0,56.88
D381,District_381,732.8,8579.3,30.84,49.5,397.6,46.9,
D602,District_602,1032.2,9095.9,17.88,51.0,513.1,71.0,41.32
D228,,731.64,8668.9,33.36,27.3,492.0,47.9,52.24
D874,,807.95,7339.3,24.64,32.1,187.5,58.8,
D360,District_360,168.06,8047.8,41.07,49.1,631.0,5.0,75.06
D814,District_814,1126.94,10787.0,,46.8,1452.7,84.1,36.83
D178,District_178,792.0,9474.7,36.58,32.0,637.9,47.4,49.96
D995,District_995,286.73,7667.2,29.74,42.9,435.7,55.5,63.27
D757,,379.08,7588.7,34.88,28.1,343.7,57.4,61.58
D494,District_494,366.22,6557.7,41.98,51.6,270.2,34.9,75.58
D335,District_335,1086.6,10049.0,28.35,39.5,1012.2,69.7,40.74
D893,District_893,878.03,9209.8,25.0,37.4,935.6,74.5,41.0
D008,District_008,813.77,8961.6,23.51,37.0,395.0,67.1,50.95
D156,District_156,1082.23,9616.1,15.75,32.0,3429.9,41.4,32.42
D843,,647.36,7743.5,34.48,45.1,141.0,46.0,59.38
D751,District_751,676.25,7321.7,37.29,41.5,295.3,40.8,65.21
D942,District_942,875.23,11050.6,15.85,44.6,878.3,58.9,39.85
D483,District_483,343.63,8640.3,37.58,39.4,420.6,54.1,61.74
D847,District_847,,8600.9,25.52,51.4,399.4,53.7,55.63
D750,District_750,691.69,10979.0,27.05,35.2,1352.6,67.9,44.24
D904,District_904,254.43,7406.9,36.43,31.0,80.0,48.5,67.01
D592,District_592,661.59,9493.2,16.8,35.8,669.8,50.4,47.36
D953,District_953,955.8,11997.9,26.27,28.6,,88.6,36.0
D581,District_581,1103.16,11853.1,4.24,48.1,3201.1,65.0,28.67
D440,District_440,724.51,7519.9,27.78,27.2,981.0,56.4,49.88
D543,District_543,,12054.8,10.56,45.3,978.2,91.6,35.78
D597,District_597,,9465.1,46.79,34.1,319.1,31.1,66.6
D724,District_724,311.08,7874.2,34.81,57.7,238.7,32.8,74.25
,District_678,1008.34,10250.9,18.87,53.1,1266.3,88.4,38.36
D479,District_479,644.07,9166.8,21.47,39.2,201.3,32.1,54.3
D229,District_229,612.95,8754.7,42.64,38.8,235.6,64.7,62.48
D975,District_975,,8284.5,27.85,46.3,211.7,54.0,58.01
D815,District_815,403.51,7450.2,34.92,52.9,246.2,23.2,71.32
,District_213,852.87,8637.3,20.66,39.6,544.2,75.2,47.65
D080,District_080,659.4,7685.5,21.02,54.1,376.2,52.0,57.39
D149,District_149,498.7,7984.6,30.64,38.2,379.9,,
,District_303,504.91,,29.64,39.2,208.0,35.2,63.33
D356,District_356,659.09,7677.4,22.82,48.2,551.4,50.4,54.07
D430,District_430,233.78,7402.2,23.87,33.0,130.7,43.1,62.22
D520,District_520,577.92,7558.3,33.65,43.8,449.6,55.2,61.73
D363,District_363,427.9,8290.5,31.21,55.3,178.2,46.3,60.79
D595,District_595,318.23,6937.9,40.57,51.6,284.6,42.6,74.66
D358,District_358,265.83,7793.5,33.12,33.1,395.0,19.1,65.98
D134,District_134,297.98,5812.9,44.55,62.4,188.4,16.0,80.66
D830,District_830,942.65,9688.6,17.35,36.4,2045.2,74.7,
D312,District_312,905.16,9378.5,,23.7,1021.9,71.7,40.79
D622,District_622,501.87,8236.4,36.1,40.8,209.2,45.1,61.93
D465,District_465,555.4,8105.8,34.82,58.3,80.0,34.3,61.74
D994,District_994,315.83,,30.02,44.7,231.4,31.8,69.81
D001,District_001,124.59,6508.2,38.69,43.6,105.5,27.1,76.28
D317,District_317,682.13,10013.9,34.58,35.9,960.8,42.5,53.39
D723,District_723,389.75,8060.1,29.62,31.3,314.1,33.0,60.9
D560,District_560,809.33,9426.2,26.96,34.0,535.4,69.9,45.39
D372,District_372,912.95,9267.3,31.07,57.1,388.5,78.4,52.49
D545,District_545,1016.69,11929.8,28.84,37.7,,73.8,37.54
D850,District_850,351.07,9025.5,24.96,19.5,255.5,45.2,55.24
D395,District_395,663.69,6673.0,29.97,41.2,430.1,73.2,54.75
D173,District_173,1057.8,10952.7,27.5,18.5,1071.7,95.0,32.5
D126,District_126,404.22,5509.6,46.69,41.9,421.5,47.9,74.31
D899,District_899,876.95,9928.4,35.77,45.9,2319.7,53.9,50.3
D579,District_579,603.72,7499.9,35.78,46.3,711.3,46.0,62.34
D949,District_949,504.74,7958.1,32.81,28.0,318.2,36.8,61.32
D921,District_921,614.0,11870.0,,29.9,673.3,82.6,39.32
D091,District_091,992.81,8423.4,29.2,32.0,794.4,53.5,44.87
D971,District_971,827.59,8658.8,27.0,44.2,874.4,57.8,51.79
D182,District_182,364.75,7045.1,43.24,40.7,244.7,15.5,74.89
D364,District_364,691.27,8696.7,20.98,46.0,290.2,51.1,52.95
,District_275,1178.57,11055.1,18.62,24.5,2234.8,90.0,25.7
D913,,741.6,8580.8,28.79,38.5,190.6,71.3,
D070,District_070,794.38,8376.6,35.43,27.2,409.8,61.2,47.07
D292,District_292,311.68,9017.0,21.23,43.4,111.4,32.1,61.8
D132,District_132,646.76,9244.6,33.77,44.9,250.7,52.9,56.5
D301,District_301,560.78,8820.1,23.94,43.9,654.4,,57.4
D448,District_448,735.71,9453.8,27.62,39.7,1790.7,63.9,
D327,District_327,23.47,6289.2,36.45,52.8,116.5,5.0,80.65
D145,District_145,412.04,8575.0,15.99,37.4,107.9,69.9,51.61
D552,District_552,555.53,9490.4,31.75,51.8,,69.5,54.5
D596,District_596,396.87,8273.8,28.37,26.5,1335.9,37.3,
D656,District_656,206.74,6393.0,45.02,55.5,118.4,11.9,86.52
D136,District_136,,6341.7,24.57,43.9,219.2,,66.76
D431,District_431,742.66,8360.8,18.73,49.9,561.0,,47.47
D165,District_165,470.84,8130.1,,45.2,115.2,44.9,67.12
D029,District_029,1270.29,9198.0,22.87,,1743.3,92.3,34.31
D588,District_588,697.54,7104.9,21.82,34.4,343.8,48.2,52.53
D194,District_194,857.61,10889.8,31.79,45.1,1739.5,72.2,43.84
D791,District_791,816.26,10524.5,,36.3,1108.4,50.7,41.28
D653,District_653,326.91,7821.2,35.9,48.3,113.9,46.4,66.48
D170,District_170,837.78,8546.8,28.36,,758.5,75.6,53.53
D514,District_514,905.33,9198.3,15.96,37.1,1486.4,55.8,42.18
D141,District_141,1028.57,11860.5,22.98,25.2,4015.6,95.0,27.07
,District_174,799.87,9122.2,36.24,35.8,824.9,34.3,51.15
D007,District_007,499.97,9859.5,30.58,40.8,151.0,67.9,56.69
D657,District_657,720.65,7183.0,35.79,57.6,427.4,69.8,60.77
D965,District_965,548.78,9238.3,31.82,39.4,367.0,37.9,54.76
D074,District_074,765.97,,16.19,39.4,792.5,72.6,47.18
D765,District_765,1172.62,9346.2,23.86,31.7,1540.3,83.7,35.11
D654,District_654,746.45,6716.7,34.22,45.0,652.6,59.2,61.39
D239,District_239,331.29,7038.1,33.15,,296.7,39.2,71.94
D146,District_146,663.32,8540.3,24.41,52.7,486.0,45.4,57.02
D809,District_809,388.93,7039.6,33.66,25.2,583.1,25.8,60.03
D235,District_235,708.82,8397.0,30.31,47.1,,64.5,54.07
D221,District_221,532.59,8266.7,34.28,44.5,432.6,48.7,59.64
D501,,173.9,6390.0,31.82,43.9,134.6,13.7,80.27
D674,District_674,1055.01,9933.8,18.84,44.6,1135.5,71.6,38.91
D133,District_133,710.26,9051.7,25.34,31.3,364.2,63.1,50.82
,District_812,619.05,,19.81,23.8,1559.7,,44.13
D434,District_434,660.88,9247.8,37.26,43.7,728.9,39.4,59.33
D671,District_671,532.9,8316.2,32.39,48.2,369.2,52.3,61.84
D186,District_186,552.77,9024.7,34.33,48.2,395.7,56.7,57.81
D042,District_042,665.93,7363.0,28.4,43.3,835.5,46.8,61.4
D626,District_626,198.43,8868.2,,60.2,247.0,32.2,69.63
D109,District_109,527.46,8549.2,21.13,48.9,783.8,47.9,58.28
D604,District_604,539.99,7330.1,,41.4,80.0,46.6,66.25
D057,District_057,912.12,8396.8,21.98,39.4,1089.2,56.0,49.16
D429,District_429,981.17,10187.9,27.02,33.1,1117.2,95.0,35.47
D469,District_469,561.35,9894.0,,26.0,197.3,53.4,53.58
D577,District_577,474.15,6513.4,39.76,49.2,262.3,,72.06
D878,District_878,52.76,5287.2,48.88,49.8,123.6,24.0,85.32
D025,District_025,425.14,,41.86,33.1,311.6,,70.09
D441,District_441,1246.07,10407.0,,37.9,1476.9,95.0,31.05
D883,District_883,248.85,7594.7,38.27,51.3,226.9,39.6,69.18
D544,District_544,976.91,8833.2,27.61,54.9,360.3,57.8,53.87
D634,District_634,547.36,7168.3,29.16,41.3,1424.7,69.5,57.86
D831,District_831,1029.79,11090.4,18.07,30.7,564.9,95.0,33.94
,District_945,783.83,9909.0,32.29,31.7,1037.9,68.2,47.35
D339,District_339,744.38,10285.3,26.32,23.5,440.0,74.5,41.29
D052,District_052,596.85,9066.7,20.38,25.3,894.7,72.6,
D384,District_384,479.66,6389.2,31.37,54.5,111.0,52.5,64.07
D528,District_528,,11153.5,21.58,40.5,1045.6,67.7,42.59
D939,District_939,993.59,10346.0,23.13,36.2,425.5,67.5,42.93
,District_888,254.87,6440.9,34.86,35.1,509.0,55.2,64.89
,District_265,800.5,8514.6,31.21,44.3,551.3,69.4,49.99
D550,,492.9,7294.5,37.42,44.1,80.0,34.5,66.3
D914,District_914,,8369.2,41.83,,80.0,19.3,66.09
D698,District_698,297.29,7799.2,32.54,38.8,205.2,,66.04
D396,District_396,466.36,8694.1,31.6,46.9,402.6,58.5,60.6
D530,District_530,642.5,9555.7,32.9,30.5,272.7,,49.26
D869,District_869,652.32,9393.0,31.98,35.5,120.1,70.6,49.51
D019,,990.54,7883.8,18.22,41.5,987.5,46.7,51.53
D732,District_732,665.15,7820.3,,49.1,605.1,77.0,59.54
D679,District_679,489.43,7616.2,31.65,40.1,,57.4,59.9
D582,District_582,,,42.47,49.7,184.2,24.5,79.39
D977,District_977,561.12,10213.1,26.83,25.1,1840.7,59.1,49.65
D368,,1056.01,11295.7,25.73,31.6,748.2,82.5,36.75
D084,District_084,503.39,8145.7,38.4,50.7,140.7,45.8,68.69
D062,District_062,468.51,7525.4,37.9,39.0,903.6,24.3,64.65
D842,District_842,540.73,9488.3,24.86,40.4,1534.8,61.1,
D273,District_273,115.61,,49.47,61.5,80.0,25.0,91.42
D286,District_286,734.6,,14.43,28.4,593.1,68.6,40.87
D361,District_361,487.8,8162.7,24.61,38.2,192.2,,56.9
D355,District_355,338.17,7155.8,37.09,,147.6,50.8,68.12
,District_482,546.93,9235.0,26.1,49.8,335.0,41.3,62.6
D279,District_279,333.38,7851.9,35.79,,381.2,38.3,65.53
D013,District_013,933.6,9143.6,25.5,,,65.2,50.99
D183,District_183,785.19,6702.6,31.3,37.8,190.2,40.4,57.08
D369,District_369,331.81,6812.5,27.92,43.6,369.5,32.9,68.46
D600,District_600,617.71,9602.2,31.29,41.6,300.6,61.9,52.61
D631,District_631,535.47,7076.2,34.29,37.3,355.6,32.8,
D224,,158.84,6829.7,38.98,46.2,80.0,,75.57
D972,District_972,684.51,9356.8,28.92,36.2,641.8,58.9,48.8
D715,District_715,413.91,6577.6,36.22,38.7,,51.3,63.53
D778,District_778,676.09,8061.9,38.3,28.6,329.6,49.8,57.33
D558,District_558,634.52,8940.4,27.18,34.9,,34.3,
D466,District_466,281.93,6589.6,41.29,48.8,145.7,30.3,72.64
D598,District_598,503.74,,30.78,46.2,975.9,74.3,60.73
D708,District_708,523.96,8777.3,30.07,34.8,194.9,66.7,57.42
D177,District_177,1017.58,7855.2,25.96,53.2,2398.5,56.7,49.38
D681,District_681,394.52,6703.2,33.7,42.4,431.2,28.1,72.27
D854,District_854,752.09,7994.6,23.69,40.2,2643.7,57.6,48.38
D955,District_955,634.19,9434.1,17.79,23.0,411.9,,42.77
D457,District_457,467.96,6967.4,32.99,36.5,1052.0,60.2,63.74
D533,District_533,652.21,9588.4,31.78,30.5,694.8,61.6,52.17
D394,,792.42,8839.9,24.56,46.6,441.4,77.3,49.12
D164,District_164,488.79,9093.2,25.16,34.8,1095.2,,55.09
D249,District_249,466.29,7109.4,29.71,54.8,105.8,,71.97
D650,District_650,233.61,6715.6,40.33,49.8,151.1,31.8,79.19
D903,District_903,549.37,,36.99,50.0,641.6,,61.76
D685,District_685,379.96,,,36.6,395.9,63.9,63.65
D376,District_376,484.41,8198.3,39.04,41.1,284.7,44.0,62.75
D413,District_413,1269.12,11421.3,17.4,34.9,2106.6,95.0,
D075,District_075,679.92,,26.37,,369.4,46.5,57.31
D114,District_114,605.48,9109.2,21.68,30.2,231.8,69.8,45.65
D584,District_584,,8583.1,30.62,34.4,,67.7,48.46
D573,District_573,336.14,5488.6,37.99,43.9,402.6,58.0,67.58
D391,District_391,398.0,9199.5,16.75,39.1,634.4,53.5,51.97
D105,,756.0,8136.7,23.47,26.0,312.1,60.1,47.81
D115,District_115,952.45,10413.3,33.51,31.4,935.9,84.4,41.3
D418,District_418,,9643.1,21.64,42.5,559.6,63.6,46.43
D669,District_669,501.56,7248.9,32.63,44.4,269.0,39.4,66.37
D458,District_458,706.21,9535.9,27.55,43.7,,63.5,48.86
D410,District_410,1136.93,10280.8,13.16,31.8,2209.2,85.7,31.19
D093,District_093,368.24,7688.9,26.76,26.7,,11.3,62.11
D820,District_820,812.06,10730.4,25.88,45.6,1363.0,71.5,45.83
D090,District_090,811.34,10171.4,28.92,22.3,386.5,68.2,46.1
D337,District_337,1283.75,12260.6,17.93,26.9,705.6,76.5,24.85
,District_860,819.83,9377.7,34.61,42.7,588.5,67.1,51.29
D940,District_940,501.86,7399.5,35.07,30.0,187.2,42.1,62.86
D952,District_952,480.74,7374.4,29.21,40.2,382.8,,57.02
,District_884,885.42,12259.4,12.54,26.5,871.3,69.1,32.16
D621,District_621,379.77,8541.8,29.52,42.3,119.7,25.9,64.5
D790,District_790,810.15,11097.5,18.37,37.9,1155.5,74.3,40.6
D627,District_627,20.0,6037.9,37.64,40.2,115.2,30.9,77.49
D095,District_095,486.0,8929.1,22.68,43.7,578.0,69.9,51.54
D012,District_012,665.73,10878.1,21.68,27.2,295.1,59.0,42.37
D397,District_397,316.4,7791.5,41.37,36.8,1087.2,55.1,62.46
D546,District_546,573.74,9129.8,32.78,43.6,170.2,28.2,60.64
D044,District_044,683.29,8566.7,22.82,50.9,409.1,58.6,54.28
D043,District_043,621.25,9666.9,23.25,46.6,403.3,66.5,56.7
,District_168,,11564.6,25.02,30.5,804.8,95.0,
D417,District_417,328.92,7380.4,38.23,35.1,153.5,22.1,66.39
D877,District_877,855.72,9029.9,21.38,32.3,1086.8,56.1,45.46
D427,District_427,519.59,8214.8,37.98,37.9,204.1,41.7,65.11
D900,District_900,651.38,6739.7,28.22,42.8,,46.7,60.45
D981,District_981,468.67,7827.4,33.0,54.6,305.1,32.9,67.14
D976,District_976,864.06,10254.1,21.12,22.5,1230.2,88.3,35.31
D688,District_688,620.74,8644.7,21.34,32.4,457.7,67.1,46.94
D258,District_258,821.04,7802.4,29.05,45.1,262.3,50.9,55.38
D336,District_336,,9238.1,35.75,31.4,731.4,46.3,58.42
D016,District_016,,8855.1,34.53,44.9,502.6,66.6,58.43
D645,District_645,904.42,8654.0,29.02,47.0,296.4,58.1,51.62
D325,District_325,998.7,9657.0,11.07,,1000.4,68.0,36.34
D775,District_775,448.92,7231.1,33.04,41.6,435.2,55.3,62.39
D223,District_223,606.9,8254.2,26.46,32.6,186.2,62.1,55.32
D180,District_180,561.83,8798.0,29.22,40.2,204.9,39.9,62.25
D661,District_661,559.46,7933.8,31.64,43.3,268.0,64.2,59.86
D522,District_522,474.56,9274.9,25.14,46.8,641.9,66.1,55.27
D023,District_023,704.38,9451.2,31.96,,1414.1,66.2,47.01
D357,District_357,681.04,10982.1,19.39,30.5,553.0,58.1,42.24
D962,District_962,755.92,10233.1,27.36,51.1,2435.9,62.1,49.28
D906,District_906,619.06,7484.7,34.75,42.7,614.3,47.9,62.89
D341,District_341,923.7,8353.0,25.13,41.0,1116.1,53.4,46.69
D432,District_432,680.29,7627.8,24.39,39.7,702.1,50.4,55.53
D774,District_774,412.59,8606.3,30.66,37.0,80.0,48.6,60.76
D851,District_851,977.93,10547.7,27.3,30.3,990.8,95.0,35.07
D204,District_204,673.06,10195.6,30.01,30.3,,81.8,44.71
D918,District_918,500.99,7831.8,26.92,45.4,118.2,40.7,60.09
D094,District_094,609.97,7472.0,23.23,31.7,343.7,72.5,50.29
D571,District_571,425.31,9631.3,18.45,20.1,268.2,36.3,49.8
D069,District_069,213.14,7685.3,41.4,52.4,393.3,26.5,77.15
D755,District_755,247.82,8572.8,36.79,37.3,151.9,27.6,68.16
D285,,1078.37,10435.4,19.83,40.2,926.4,92.4,38.64
D928,District_928,638.79,8500.1,19.5,30.7,353.8,67.7,49.83
D435,District_435,411.58,8466.6,25.27,48.8,569.6,54.6,55.37
D154,District_154,354.04,7220.1,26.42,44.7,147.2,28.4,67.54
D076,District_076,757.35,9707.1,22.28,33.9,475.7,47.7,47.93
D747,District_747,602.9,8320.7,38.85,33.0,585.5,34.2,60.5
D447,District_447,802.35,10797.3,24.87,45.2,1061.5,69.1,45.85
,District_189,,10966.5,23.42,29.0,516.5,62.8,37.14
D272,District_272,853.86,9168.7,15.29,20.3,321.6,84.7,37.49
D237,District_237,724.04,10375.4,19.0,46.3,610.3,52.5,50.5
D488,District_488,421.36,7913.2,44.82,33.5,317.5,43.1,67.56
D118,District_118,369.89,8559.2,36.18,53.3,116.5,38.7,67.95
D836,District_836,20.0,4591.0,,47.0,80.0,5.0,
D513,District_513,512.08,4487.0,29.61,45.9,453.3,31.5,69.07
D077,District_077,595.27,7536.6,30.36,54.5,355.2,40.6,60.26
D686,District_686,654.04,7603.5,,30.5,164.9,52.5,56.55
D127,District_127,533.92,9019.4,28.33,38.5,356.6,46.1,52.72
D117,District_117,261.76,,27.0,39.4,331.5,56.3,59.71
D474,District_474,888.57,8663.8,,41.3,487.3,,44.51
D709,District_709,1147.64,9606.8,,22.5,1214.7,95.0,28.51
D058,District_058,562.73,8702.0,33.86,39.3,179.8,55.7,57.64
D690,District_690,1078.13,10448.0,19.61,32.2,650.4,89.5,34.65
D930,District_930,988.74,8602.6,21.28,35.9,1034.6,70.2,41.1
D370,District_370,579.09,7599.1,33.17,55.2,470.0,35.9,67.52
D269,District_269,570.35,8293.8,44.9,49.1,1051.0,49.6,64.07
D047,District_047,484.54,7491.7,29.66,19.8,109.7,40.7,58.69
D350,District_350,318.31,7265.3,30.13,57.9,94.8,17.5,74.44
D196,District_196,721.49,8664.0,22.91,37.7,405.8,44.3,52.1
D320,District_320,721.26,10292.8,21.4,30.2,471.0,,42.26
D852,District_852,562.65,9310.6,,33.8,430.2,47.2,52.17
D707,District_707,363.28,7861.2,33.6,48.8,573.6,50.7,65.91
D753,District_753,,9060.7,37.78,32.9,626.3,,48.68
,District_264,279.56,6887.0,36.14,44.2,123.4,36.5,71.27
D444,District_444,662.33,,35.13,34.1,508.9,53.7,57.11
D959,District_959,370.14,7452.3,26.66,54.1,243.1,44.5,68.98
D305,District_305,1119.67,11273.4,35.33,19.6,1334.3,85.8,37.3
D342,District_342,499.3,6675.7,38.49,45.6,348.6,73.1,62.56
D614,District_614,836.4,9008.2,10.51,31.6,1571.2,75.9,36.69
D987,District_987,921.85,10862.5,23.68,24.0,1069.8,69.0,
D150,District_150,498.67,9112.0,36.14,44.5,293.5,43.4,59.99
D125,District_125,655.5,8846.2,27.89,43.3,321.9,75.9,52.99
D803,District_803,,7505.2,29.94,39.5,446.1,36.0,60.99
D870,District_870,922.92,9815.6,22.55,44.4,936.6,66.6,43.18
D051,,350.32,7060.8,41.08,42.8,237.6,31.7,71.69
D354,District_354,295.18,7157.7,26.25,38.0,,42.9,63.59
D946,,702.3,8833.7,22.81,23.1,378.2,65.3,43.08
D143,District_143,1014.93,9874.0,21.44,35.6,587.3,61.8,40.42
D471,District_471,1177.61,11691.9,21.84,29.3,2165.5,87.9,26.92
D400,District_400,282.51,7355.3,38.73,60.2,114.6,35.2,73.47
D717,District_717,23.32,5132.0,43.16,49.8,107.4,5.0,84.75
,District_321,381.1,8024.5,42.93,53.7,442.4,50.4,70.11
D020,District_020,534.35,8150.4,27.6,41.9,715.3,57.6,54.64
D827,District_827,171.42,7387.9,42.39,38.6,190.7,47.9,70.84
D807,District_807,605.19,8765.6,,41.3,714.1,37.2,55.32
D826,,581.27,7946.5,22.05,38.7,295.5,44.5,55.13
D408,District_408,95.82,6122.9,45.12,48.4,80.0,25.2,76.59
D538,District_538,220.55,3809.5,43.72,63.1,80.0,25.5,90.32
D636,District_636,549.61,8470.9,34.14,39.3,768.7,57.6,58.33
D039,District_039,260.44,8683.5,27.84,30.4,134.5,46.5,58.57
,District_176,837.81,9840.4,16.58,33.6,1101.2,70.8,40.68
D246,District_246,624.06,8159.4,44.03,29.5,898.4,67.4,57.91
D846,District_846,950.85,6809.0,25.65,44.1,400.0,66.9,51.93
D683,District_683,554.58,9319.7,24.71,39.5,1038.8,64.5,52.07
D771,District_771,653.29,9532.2,33.05,39.3,2214.1,85.4,48.38
,District_969,483.86,7183.5,39.36,32.5,505.1,36.8,65.47
D155,District_155,327.85,6385.2,26.28,,83.6,45.9,64.35
D288,District_288,1041.0,9126.6,25.78,21.8,1605.5,83.6,36.35
D618,District_618,638.55,8816.6,29.81,46.5,211.3,43.2,55.58
D570,District_570,989.01,11114.1,18.2,39.3,3043.1,72.6,37.15
D760,District_760,502.2,8938.1,43.92,46.7,147.9,54.0,62.84
D018,District_018,415.67,8225.7,,47.0,207.6,,63.35
D128,District_128,468.81,8443.9,31.02,52.1,239.3,58.9,65.09
,District_323,438.85,7014.9,39.21,47.0,109.6,50.2,67.9
D256,District_256,395.21,8057.7,35.42,43.8,319.0,29.7,63.74
D689,District_689,622.7,8169.6,24.89,40.8,209.1,57.3,57.39
D985,District_985,823.2,8903.6,37.26,55.7,670.2,,
D191,District_191,786.71,9124.8,20.8,,1070.9,67.1,41.7
D116,District_116,796.76,9379.3,18.31,33.9,,57.3,46.54
D632,District_632,488.65,8529.5,28.67,49.5,186.4,50.2,60.91
D607,District_607,833.43,11413.8,24.15,47.0,1300.0,66.3,42.07
D181,District_181,704.88,8298.7,32.86,38.5,772.6,46.9,52.83
D302,District_302,593.59,7479.5,38.76,32.0,106.1,39.7,63.08
D941,District_941,823.41,10625.9,25.05,43.6,1859.4,84.4,40.25
D729,District_729,454.58,7584.5,,46.3,602.6,10.5,
D740,District_740,612.37,7757.7,26.09,57.3,1261.2,49.2,59.19
D974,District_974,911.96,9788.1,28.61,47.2,366.3,31.0,50.53
D788,District_788,771.52,6741.8,24.61,43.5,543.3,63.5,57.57
D518,District_518,,8220.5,29.16,50.5,354.3,68.1,52.14
D412,District_412,668.89,8982.9,17.61,24.8,,67.6,
D046,District_046,661.95,10038.0,24.16,29.4,,58.0,47.92
D927,District_927,860.52,10628.1,19.08,28.0,704.7,54.2,40.33
D158,District_158,711.56,8378.1,28.08,40.7,362.8,61.5,54.52
D761,District_761,215.04,7894.1,24.4,53.0,159.6,27.5,70.66
D172,District_172,634.13,9314.4,18.02,28.4,269.4,59.5,44.72
D017,District_017,731.65,8446.4,20.56,46.6,1318.8,37.1,52.12
D512,District_512,317.41,7351.6,31.77,39.9,161.1,,62.74
D049,District_049,464.93,7714.3,35.74,37.4,129.9,25.3,64.46
D992,District_992,666.18,7296.7,32.27,46.0,617.2,39.3,61.77
D858,District_858,395.64,8217.0,33.58,33.3,920.3,25.8,61.56
D516,District_516,897.62,9983.1,23.32,42.4,876.8,,39.32
,District_912,932.15,10080.0,33.33,44.4,577.2,89.5,47.22
D481,District_481,512.88,8455.6,,30.9,347.1,69.3,54.2
D284,District_284,663.24,8906.8,26.51,26.6,918.0,43.0,52.75
D735,District_735,517.44,9104.5,42.9,39.4,159.2,77.3,60.68
D670,District_670,840.16,8139.7,13.21,24.3,386.2,85.4,37.05
D226,District_226,1028.63,10201.9,11.26,50.0,1924.4,69.4,35.81
D027,District_027,1095.53,10949.5,13.06,27.8,2286.6,82.6,27.51
D799,District_799,747.51,9135.8,19.65,,581.0,81.5,48.65
D438,District_438,711.48,8328.6,26.78,27.1,200.8,51.4,48.8
D970,District_970,881.68,8708.5,33.08,44.8,925.8,62.9,54.23
D365,District_365,369.59,7469.1,36.22,21.3,158.7,,63.16
D230,District_230,790.92,9428.9,25.83,32.6,538.9,66.8,42.23
D038,District_038,565.25,8661.1,44.98,49.5,129.4,52.0,64.45
D986,District_986,,10051.0,18.79,36.5,888.6,66.2,41.07
D375,District_375,526.95,5496.2,37.72,,80.0,32.6,73.79
D470,District_470,449.61,9492.7,34.87,41.7,107.6,49.7,59.94
D988,District_988,1075.06,11496.5,19.03,33.8,173.0,71.6,
D868,District_868,518.28,8921.0,34.11,57.1,290.5,47.4,61.28
D909,District_909,665.67,6313.5,20.97,46.2,379.0,55.0,57.58
D742,District_742,810.83,8117.8,24.77,39.3,573.5,41.3,52.18
D195,District_195,851.14,10309.9,32.09,29.3,803.8,62.5,45.05
D935,District_935,479.32,7038.7,44.56,37.8,129.7,31.1,
,District_882,724.68,9759.2,32.26,49.5,678.1,56.0,52.51
D504,District_504,1022.94,9533.9,16.3,41.2,1503.9,94.4,38.22
D990,District_990,641.95,8712.3,39.08,40.1,196.0,19.9,59.28
D848,District_848,614.55,7616.5,,49.0,511.0,58.4,61.8
D580,District_580,524.77,7873.6,32.03,25.5,510.6,66.3,52.47
D989,District_989,503.98,8248.1,37.82,35.0,226.2,49.7,60.44
D163,District_163,,9932.6,23.52,35.2,1425.9,79.4,35.31
D718,District_718,657.36,9921.2,38.94,40.7,557.9,55.9,59.23
D153,District_153,868.43,9508.5,19.68,35.5,931.1,82.2,39.07
D697,District_697,518.97,8908.8,28.1,38.2,537.8,66.0,49.52
D716,District_716,620.95,9250.5,25.05,46.7,208.2,61.6,50.59
D929,District_929,503.53,9095.0,19.26,50.8,423.4,79.5,52.0
D112,District_112,756.18,9144.2,11.61,,941.9,95.0,32.3
D227,District_227,995.22,11432.4,30.51,29.5,428.9,80.7,38.44
D704,District_704,,,23.74,43.6,468.4,,54.79
D104,,701.81,,27.85,38.1,1150.8,73.0,50.7
D422,District_422,828.87,8321.7,27.88,40.1,424.7,53.8,51.59
D420,District_420,966.35,10245.7,24.63,34.2,391.2,,36.45
D849,District_849,809.12,7956.4,29.17,35.8,716.9,61.2,47.98
D587,District_587,685.25,9500.5,30.87,47.3,320.0,46.4,58.24
,District_797,494.74,7971.9,37.08,41.9,544.0,47.6,63.9
D673,District_673,713.71,9134.5,33.44,47.3,305.5,43.4,59.68
D120,District_120,399.07,7871.8,27.07,39.9,414.9,70.5,58.81
,District_054,547.86,7206.7,37.12,27.3,220.9,45.4,65.72
D152,District_152,646.65,8177.9,23.88,45.2,233.8,55.6,52.65
D404,District_404,434.33,8035.4,43.4,39.5,449.9,46.9,68.51
D964,District_964,521.09,7809.3,29.21,49.4,549.2,66.0,59.04
D208,District_208,303.88,7645.1,32.39,29.1,109.2,53.7,61.74
D659,District_659,,9585.9,28.64,38.8,564.9,62.0,58.99
,District_884,885.42,12259.4,12.54,26.5,871.3,69.1,32.16
D779,District_779,815.15,9572.5,20.82,41.6,359.3,63.7,52.37
D009,District_009,624.7,8316.1,22.49,30.6,655.7,62.1,45.67
D825,District_825,,9654.0,31.68,36.9,349.3,57.2,50.97
D037,District_037,137.37,8270.5,39.56,37.5,111.9,,71.26
D453,District_453,657.93,6882.2,32.59,37.9,290.9,48.2,58.71
D652,District_652,811.9,8801.8,32.49,41.9,145.1,64.6,54.05
D254,District_254,545.93,8702.6,30.94,44.5,551.9,48.5,57.38
,District_304,464.25,7777.0,43.25,50.6,134.0,26.5,72.11
D763,District_763,663.45,8945.9,38.01,33.5,389.9,50.1,53.47
D572,District_572,750.57,9267.9,24.54,53.3,288.1,50.5,54.25
D624,District_624,255.59,7413.3,33.92,35.5,419.4,9.8,68.46
D859,District_859,636.91,8050.0,32.19,35.0,298.4,42.7,59.68
D759,District_759,375.46,8735.0,25.29,46.9,442.2,43.3,59.42
D263,District_263,411.52,7227.6,19.65,54.4,386.4,34.2,63.02
D611,District_611,763.95,10523.0,38.01,39.3,293.6,61.9,49.97
D298,District_298,274.13,6441.6,31.29,64.7,135.1,37.4,76.25
D415,District_415,954.03,9994.2,33.46,44.6,518.5,73.8,50.08
D151,District_151,138.07,6696.3,37.17,,136.4,32.5,74.73
,District_862,550.77,8460.9,26.75,40.0,398.8,68.7,58.44
D641,District_641,627.79,9067.7,,42.5,741.3,48.5,
D907,District_907,831.62,10368.5,20.6,57.0,656.1,88.0,41.52
D551,District_551,1282.31,11710.2,11.67,27.2,3349.2,80.5,21.08
D808,District_808,440.14,6868.0,,43.4,80.0,29.2,68.85
D489,District_489,570.17,7634.4,32.0,39.3,753.1,30.0,59.56
D711,District_711,854.4,9498.7,25.97,39.0,1423.6,69.2,44.18
D148,District_148,771.06,9247.7,23.55,37.4,809.0,36.1,53.66
D147,District_147,767.58,8302.5,,27.7,519.2,66.0,52.27
D737,District_737,375.27,8381.4,34.61,45.6,105.1,52.2,63.2
D950,District_950,388.37,,32.11,,518.5,45.8,64.61
D756,District_756,886.08,9712.0,23.25,49.4,1750.8,47.1,42.08
D660,District_660,1102.74,12149.0,27.04,36.1,684.7,82.3,35.76
D349,District_349,570.39,7878.7,30.89,40.3,221.9,40.7,55.04
D464,District_464,957.76,8574.5,24.71,31.4,953.5,65.4,44.19
D326,District_326,950.39,10512.3,23.51,34.8,694.8,63.3,41.99
D187,District_187,45.83,5878.4,37.37,44.1,118.4,29.8,77.65
D124,District_124,,6915.1,38.99,53.6,383.2,,69.33
D871,District_871,737.41,8353.8,35.35,,805.9,29.1,58.39
D609,District_609,699.56,9061.1,,46.0,361.3,88.5,49.2
D144,District_144,609.78,8031.2,15.97,29.8,348.1,57.1,
D979,District_979,1127.71,11602.9,15.15,42.4,3486.8,93.3,
D198,District_198,381.94,,29.41,33.2,273.3,19.0,64.22
D610,,707.6,9609.5,19.32,28.8,519.1,51.2,43.45
D280,District_280,761.5,11099.5,25.69,,589.7,84.5,45.54
D294,District_294,796.46,7887.9,35.32,54.2,,59.8,54.05
D401,District_401,979.93,9103.8,30.44,41.8,2238.6,73.0,43.45
D123,District_123,218.97,6566.9,29.81,40.5,292.1,41.6,67.85
D184,District_184,702.45,9181.3,28.9,40.4,276.5,61.7,50.76
D203,District_203,558.26,7963.3,29.77,33.2,,43.5,54.42
D439,District_439,,8468.9,23.51,58.2,102.6,73.0,58.15
D247,District_247,318.58,7758.8,34.89,35.5,274.2,15.0,68.9
D416,District_416,466.49,7315.5,26.53,53.2,339.2,35.3,64.83
D793,District_793,851.74,8595.8,37.81,,1156.3,57.7,48.3
D782,District_782,330.33,7507.4,26.02,36.8,228.1,52.5,61.78
D924,District_924,848.71,9849.5,25.83,52.1,675.4,63.3,47.4
D785,District_785,629.19,6381.6,,43.4,488.3,39.6,62.54
D905,District_905,566.32,6903.8,41.4,49.9,485.5,73.9,65.29
D130,District_130,928.84,8727.2,23.73,35.3,698.7,59.6,
D638,District_638,711.45,7395.9,32.3,26.3,184.3,64.5,52.57
D403,District_403,856.66,10054.2,29.46,18.0,1238.6,82.9,38.39
D801,District_801,285.35,6836.4,30.02,29.6,341.3,48.1,60.57
D787,District_787,922.38,12252.2,11.45,30.7,4054.5,89.1,23.71
D736,District_736,625.03,7468.5,38.05,37.8,223.0,53.8,62.31
D931,District_931,716.69,8730.6,31.92,39.8,576.0,37.9,54.02
,District_220,612.61,8071.0,29.97,53.5,643.1,41.8,61.26
D642,District_642,418.09,7456.8,33.92,48.9,80.0,44.2,64.26
D933,District_933,1045.09,,17.02,28.1,977.0,81.2,33.07
D853,District_853,750.18,8619.0,29.68,33.2,135.0,53.4,56.03
D824,District_824,388.61,7581.0,28.27,46.3,183.5,38.7,64.0
D938,District_938,791.12,10712.8,19.72,44.8,2042.4,87.5,36.94
D625,District_625,781.48,8613.7,25.12,23.8,1234.0,60.3,45.47
D856,District_856,,,31.33,37.6,199.2,60.4,52.86
D951,District_951,1179.06,10456.7,24.42,15.8,1260.1,92.4,24.95
D387,District_387,535.59,8512.2,24.78,43.2,465.7,32.6,58.08
D993,District_993,540.69,,23.92,31.0,678.5,84.8,45.63
D510,District_510,365.13,9026.7,,36.0,201.2,30.0,61.06
D268,District_268,260.23,5944.6,37.61,40.0,159.5,26.6,74.39
D837,District_837,721.57,6804.1,34.84,38.4,455.4,,60.03
D442,,710.84,8090.1,29.26,47.8,,63.1,56.53
D497,,172.85,5463.3,37.48,30.6,116.4,41.0,71.97
D113,District_113,517.31,7789.7,21.76,,,54.8,52.5
D692,District_692,499.05,7267.4,30.84,48.2,202.4,,68.29
D233,District_233,104.15,7077.4,37.24,,314.2,5.0,76.62
D887,District_887,478.09,7223.3,26.57,42.1,250.3,45.8,62.52
D608,,380.14,6509.0,31.67,47.6,193.5,39.5,71.01
D672,District_672,473.38,8064.3,18.51,45.2,340.2,59.3,57.96
D374,District_374,,8823.3,22.15,43.3,375.8,63.4,53.87
D738,District_738,1023.02,9079.2,27.35,34.0,1468.6,83.0,41.35
,District_860,819.83,9377.7,34.61,42.7,588.5,67.1,51.29
D234,District_234,666.47,8906.2,33.19,,712.7,75.5,58.13
D802,District_802,567.09,6957.1,32.46,34.3,,47.0,57.06
D677,District_677,,8424.8,24.32,34.9,221.5,,52.27
D318,District_318,700.03,10711.7,14.86,,1795.7,91.7,34.87
D649,District_649,300.71,,41.74,31.9,272.7,30.8,
D411,District_411,715.62,8839.7,20.51,25.9,327.4,70.6,43.92
D916,District_916,776.35,8153.5,34.19,24.5,2673.3,60.4,47.78
,District_710,569.67,8820.4,20.87,42.8,,53.3,52.86
D359,District_359,665.07,8451.0,36.71,47.3,,51.6,58.26
D259,District_259,553.32,8223.9,23.0,54.0,597.1,44.1,
D745,District_745,190.8,7665.4,42.48,39.6,325.2,58.9,68.07
D628,District_628,693.0,7977.7,28.91,41.1,391.8,47.0,58.64
D633,,661.14,,,45.5,494.8,32.2,58.27
D283,District_283,539.09,8163.2,26.28,32.2,266.5,58.8,53.11
D377,District_377,822.24,10991.4,39.09,41.1,574.3,59.8,48.82
D385,District_385,929.92,10130.5,29.4,39.0,415.6,68.6,
D225,District_225,566.6,8795.2,32.91,52.0,311.2,61.7,59.55
D974,District_974,911.96,9788.1,28.61,47.2,366.3,31.0,50.53
D966,District_966,855.3,8420.4,31.19,31.8,856.8,67.2,50.5
D473,,512.68,6571.8,27.45,54.6,243.1,52.1,68.28
D348,District_348,512.56,7958.1,33.2,40.4,986.4,59.5,60.23
D506,District_506,916.91,,20.0,38.5,509.1,,43.55
D640,District_640,600.16,8057.0,19.01,35.1,1028.0,62.4,50.84
D514,District_514,905.33,9198.3,15.96,37.1,1486.4,55.8,42.18
D798,,490.13,7466.1,35.0,32.6,184.7,42.1,66.11
D947,District_947,355.84,9755.1,21.12,51.4,489.6,49.9,58.4
D923,District_923,691.62,8936.7,34.3,33.7,443.2,50.6,54.98
D620,District_620,288.87,6360.2,,37.1,225.2,64.8,64.95
D873,District_873,806.84,9052.7,24.5,35.3,187.4,78.7,43.44
D821,District_821,609.63,7076.6,26.13,25.7,209.5,61.7,51.54
,District_646,1440.28,12894.8,13.06,30.0,5820.2,95.0,13.1
D864,District_864,420.89,6321.4,40.15,42.1,325.3,,75.16
D557,District_557,1058.16,9802.5,33.14,36.9,2785.9,95.0,38.42
D978,District_978,818.18,8119.7,19.88,35.6,1306.3,87.3,47.46
D578,District_578,902.24,8976.7,18.31,32.4,1261.2,77.1,39.94
D796,District_796,559.74,,26.01,45.2,141.1,58.3,57.55
D086,District_086,574.55,6718.4,30.76,55.8,273.4,33.3,68.71
D243,District_243,,7373.3,32.71,41.2,387.2,43.1,66.71
D699,District_699,522.02,8323.9,27.63,42.5,244.0,39.2,59.5
D160,District_160,,7858.6,30.7,36.6,269.0,71.9,59.54
D525,District_525,738.38,8963.1,22.63,52.7,871.2,50.5,54.03
D036,District_036,489.74,9499.0,,37.0,281.3,68.1,50.42
D541,District_541,590.73,9046.5,28.85,35.1,393.9,52.0,57.0
D171,District_171,362.95,6808.8,34.92,44.7,209.6,,70.55
D655,District_655,882.73,9843.9,16.29,34.5,951.8,66.1,
D908,District_908,681.62,9272.4,33.63,38.1,1132.9,77.2,52.09
D875,District_875,98.54,5780.0,52.83,55.2,80.0,21.3,88.0
,District_865,474.35,8422.0,24.82,44.0,122.8,49.1,58.37
D963,District_963,171.11,7941.8,33.55,47.3,139.9,28.5,67.8
,District_734,699.25,7061.3,13.51,46.5,330.0,59.7,52.9
D096,District_096,507.64,7586.1,30.66,47.6,226.8,50.1,60.15
D564,District_564,734.3,9115.9,24.2,31.8,989.2,78.2,46.53
D241,District_241,941.68,10184.5,22.45,,3167.3,,39.8
D743,District_743,662.27,8760.2,19.48,35.7,,47.0,52.16
D575,District_575,346.68,9386.9,38.81,41.7,231.9,75.7,60.67
D691,District_691,842.06,10912.1,24.87,,2491.7,58.2,43.32
D461,District_461,191.67,8058.5,35.54,45.9,129.7,44.5,68.76
D554,District_554,875.02,9669.7,23.83,30.7,1271.1,71.4,41.68
D896,District_896,,10874.1,18.63,35.6,749.0,94.4,38.83
D207,District_207,1068.69,11147.5,15.99,37.3,1105.2,79.3,36.49
D393,District_393,613.51,6126.6,32.94,38.8,,36.8,65.29
D795,District_795,618.71,8632.6,,41.6,225.2,52.3,56.87
D398,,524.53,7650.8,28.44,43.6,442.2,47.0,
D767,District_767,417.62,8803.8,35.7,33.3,461.4,65.0,61.8
D866,District_866,1063.74,9510.8,26.86,15.9,614.7,89.3,32.94
D218,District_218,972.01,10786.3,18.81,36.3,657.9,61.6,37.25
D005,District_005,895.14,9362.6,28.08,40.8,438.3,86.8,46.76
D769,District_769,541.49,8025.7,40.91,56.2,1359.4,56.1,64.31
D643,District_643,588.96,6369.3,38.78,46.8,154.5,53.5,66.96
D915,District_915,1187.55,9922.1,13.64,24.5,437.9,89.6,29.07
D613,District_613,476.83,7876.5,29.77,37.0,323.3,35.9,62.09
D739,District_739,184.9,9290.1,33.45,29.6,552.0,57.9,
D547,District_547,822.18,7803.4,46.08,22.3,1669.3,42.7,57.48
D726,District_726,419.43,6692.3,25.66,51.7,134.9,43.2,66.72
D684,District_684,505.79,7032.6,29.44,58.7,268.4,,66.52
D099,District_099,332.02,8324.3,29.17,43.4,535.1,36.3,65.26
,District_805,197.36,9150.3,46.76,62.7,199.8,45.4,77.46
D728,District_728,378.27,6215.1,44.01,43.8,158.3,26.0,72.3
D574,District_574,962.51,11362.7,,24.7,659.1,62.3,32.5
D407,District_407,516.14,8257.1,39.16,36.8,210.3,64.9,59.7
D503,District_503,477.43,,28.41,41.2,285.3,75.8,54.93
D048,District_048,1151.48,10129.5,8.11,37.3,5609.4,91.1,23.87
,District_033,495.53,7799.6,31.1,38.0,397.1,28.1,62.04
D780,District_780,290.47,8487.0,30.73,50.9,315.4,57.9,67.28
D840,District_840,396.4,6762.0,47.76,,207.4,30.4,71.06
D201,District_201,432.94,8222.2,49.8,48.8,210.4,,66.6
D135,District_135,447.67,7326.7,33.84,46.2,255.2,45.4,66.47
D028,,746.68,9030.2,27.47,26.3,968.0,89.3,43.24
D948,District_948,411.96,8024.9,32.96,48.3,209.2,37.1,64.16
D231,District_231,581.62,8504.4,38.94,43.0,525.2,47.8,61.92
D490,District_490,424.92,8043.8,34.92,33.0,460.5,28.2,66.33
D773,District_773,745.82,8974.3,18.65,41.7,,66.7,
D379,District_379,1029.31,9796.5,23.21,26.0,920.4,79.9,36.46
,District_289,677.29,8521.0,26.46,31.3,516.9,60.4,52.02
D419,District_419,151.76,,29.8,57.1,209.6,14.6,80.42
D675,District_675,20.0,6384.6,48.67,46.0,,26.4,81.17
,District_392,324.96,5476.5,30.24,44.6,80.0,35.3,71.08
D593,District_593,403.03,6989.8,29.65,49.0,287.2,51.3,62.96
D499,,706.65,7070.6,40.47,49.7,548.2,33.4,66.63
D139,District_139,540.15,8889.9,46.77,42.8,340.1,,61.79
D063,District_063,1074.08,10915.6,20.15,,1293.7,80.0,34.48
D472,District_472,690.55,,27.68,34.3,389.6,61.7,47.81
D648,District_648,886.96,7667.0,18.22,24.9,474.8,,37.14
D129,District_129,309.62,7050.2,52.51,46.6,103.1,32.7,75.32
,District_997,772.07,8830.3,20.11,36.6,139.8,78.1,44.5
D521,District_521,534.95,7525.5,29.1,24.9,437.3,44.3,53.79
D839,District_839,658.66,9973.4,19.34,33.1,284.6,67.9,50.28
D983,District_983,893.86,7703.9,37.21,35.2,972.1,67.1,50.71
D065,District_065,176.45,7210.1,,47.0,189.3,32.6,70.0
D813,District_813,626.87,7618.1,35.79,47.8,332.4,50.3,57.66
D015,District_015,731.75,7319.1,28.26,33.3,291.5,35.8,52.49
D157,District_157,640.41,7394.3,44.49,,575.9,56.8,63.89
D041,District_041,384.36,7699.9,36.09,38.8,104.8,45.2,60.77
D493,District_493,615.82,9221.0,35.37,38.5,163.5,53.1,61.17
D380,District_380,949.75,11294.7,25.83,44.2,2081.0,95.0,35.82
D188,District_188,546.11,7203.4,38.69,56.8,126.1,49.0,71.53
D764,District_764,718.18,8956.0,25.98,21.8,526.4,39.6,50.32
D217,District_217,187.77,7785.2,30.79,44.3,248.2,50.9,69.22
,District_792,769.03,8750.4,24.17,52.1,167.6,66.7,49.83
D053,District_053,1197.29,10446.2,24.19,22.3,2980.6,,27.75
D879,District_879,390.9,7683.4,36.14,34.6,228.4,73.0,61.19
D338,District_338,540.47,8157.2,25.2,39.9,81.5,37.7,
D749,District_749,852.39,10501.7,19.42,30.1,1663.0,91.1,35.1
D720,District_720,934.29,11145.4,25.1,20.0,1231.8,82.8,35.9
D725,District_725,391.6,7492.5,45.86,53.4,192.2,18.8,77.03
D296,District_296,295.16,6963.0,37.55,43.4,80.0,53.7,71.41
D702,District_702,596.42,8813.0,24.98,40.6,1030.2,,51.24
D252,District_252,85.97,4788.5,32.07,39.8,263.3,35.6,78.79
D727,District_727,1170.46,12248.5,20.11,26.6,1500.3,95.0,24.74
D462,District_462,437.73,7190.3,29.44,,215.8,48.0,68.26
D456,District_456,742.04,7853.7,20.78,35.1,375.8,57.8,49.61
D281,,643.15,10008.9,19.63,36.8,1137.7,57.9,45.45
D816,District_816,659.81,,23.07,40.3,591.1,64.2,51.67
D863,District_863,400.71,8325.9,,35.6,,54.6,63.6
D270,District_270,429.76,9648.7,39.82,41.0,463.1,63.4,
,District_202,508.69,10239.1,34.88,45.8,1194.6,69.7,53.45
D162,District_162,681.48,8427.9,22.08,28.9,659.0,55.7,46.84
D556,District_556,972.61,8815.0,24.62,21.3,598.2,82.8,38.43
D730,District_730,838.43,8745.0,,27.9,558.1,64.3,45.21
D402,District_402,577.41,9753.3,32.03,45.7,577.5,46.8,55.74
D703,District_703,351.32,8593.0,37.39,40.2,237.4,54.6,63.03
D477,District_477,658.26,9562.1,33.9,44.3,281.8,,
D822,District_822,,8777.4,27.58,43.9,346.1,92.3,46.97
D772,District_772,435.37,6500.6,29.62,39.1,234.1,43.5,64.04
D106,District_106,430.4,6254.5,33.49,41.1,179.5,49.6,64.77
D566,District_566,553.37,9457.7,26.76,40.5,318.9,55.1,53.83
D390,District_390,494.55,8766.5,28.65,42.5,530.6,65.2,52.53
D002,District_002,771.05,9022.6,27.5,,1120.7,69.0,52.15
D991,District_991,738.85,9427.0,21.69,39.0,492.0,58.2,45.71
D741,District_741,464.73,7850.2,36.02,37.8,320.3,45.1,58.42
D562,District_562,863.36,9899.2,21.41,32.7,825.3,78.0,40.14
D932,District_932,741.68,10357.5,19.46,33.0,1290.3,79.5,
D081,,1056.99,8817.9,14.46,28.3,1501.5,,32.74
D206,District_206,1264.34,11747.7,19.78,25.0,1410.0,95.0,23.75
D035,District_035,569.96,7297.8,29.05,34.6,692.1,55.1,60.36
D776,District_776,845.32,9467.7,23.23,42.2,1267.7,66.3,
D509,District_509,766.03,9506.7,28.24,40.4,,42.8,50.31
D428,District_428,626.36,7184.9,31.16,31.8,332.0,76.4,51.12
D455,District_455,523.55,8216.4,28.29,,256.3,44.2,60.98
D367,District_367,951.25,10609.0,16.94,20.3,1713.3,95.0,32.23
D092,District_092,20.0,4387.1,47.13,59.2,80.0,5.0,92.59
D340,,1046.67,10421.1,24.06,34.4,2387.3,80.1,36.13
D898,District_898,814.86,9304.9,30.96,43.1,602.6,72.1,47.52
D565,,567.91,,14.98,,296.6,54.7,48.9
D346,District_346,625.44,,30.63,34.6,177.7,42.5,56.93
D777,District_777,298.14,7201.1,50.65,39.1,96.6,32.9,74.81
D242,District_242,856.7,9793.4,27.42,25.2,2796.2,54.1,41.04
D014,District_014,508.3,7617.1,35.63,51.0,101.1,22.6,
D316,District_316,924.73,9552.6,28.93,24.4,964.7,44.6,46.41
D601,District_601,579.48,6893.1,27.49,44.3,187.9,61.9,57.65
D388,District_388,686.91,8509.3,30.04,41.3,206.9,73.4,53.03
D274,District_274,648.8,9721.1,27.85,44.3,586.5,53.2,53.36
,District_167,489.82,7639.3,33.72,,670.3,47.9,61.2
D841,District_841,577.59,8303.3,,52.3,503.4,54.0,58.83
D637,District_637,579.19,6550.2,37.69,53.5,232.0,44.7,68.57
D647,District_647,845.9,8291.3,30.7,26.8,424.8,58.7,48.07
D819,District_819,66.73,4433.3,41.13,41.1,80.0,5.0,85.41
D485,District_485,667.08,9993.3,25.63,26.8,2454.3,75.1,42.17
D522,District_522,474.56,9274.9,25.14,46.8,641.9,66.1,55.27
D505,District_505,696.06,9566.3,,39.7,325.4,37.0,56.27
D832,District_832,603.37,7337.4,31.56,38.4,93.2,31.6,60.85
D244,District_244,962.35,9227.1,23.72,28.8,375.4,71.5,41.24
D567,District_567,1112.24,11427.7,12.48,11.9,874.3,95.0,24.62
D876,District_876,366.98,6591.9,34.0,45.4,198.0,19.7,
D563,District_563,984.24,9721.9,32.73,23.5,2178.5,94.2,35.47
D973,District_973,908.59,9159.2,29.11,41.2,679.4,74.2,46.93
D687,District_687,651.23,8224.3,31.68,46.0,326.4,63.1,56.76
D958,District_958,439.43,7735.5,33.08,42.2,135.9,44.5,62.34
D190,,277.58,7588.4,36.63,38.0,130.2,,68.4
,District_783,606.27,7927.4,18.94,49.5,444.2,,53.25
D700,District_700,1210.14,10714.9,21.27,27.0,1754.8,,32.39
D476,District_476,562.03,8172.5,38.8,46.3,346.0,42.3,66.51
D682,District_682,408.66,8182.8,38.37,31.3,216.8,60.9,58.99
D511,District_511,849.49,9916.2,27.24,18.8,575.0,62.7,43.69
D059,District_059,925.58,9029.5,37.98,18.8,1089.0,47.5,49.56
D475,District_475,659.32,6943.4,21.58,38.4,296.2,69.7,52.47
D561,District_561,777.51,10177.8,34.63,6.1,262.7,50.4,41.2
,District_857,,7135.0,,61.7,253.3,13.2,73.85
D748,District_748,396.31,8227.7,30.09,47.4,141.0,,62.86
,District_253,167.61,5946.7,49.54,63.4,208.4,14.3,89.0
,District_022,251.72,7104.3,42.87,44.3,278.1,24.3,73.59
D314,District_314,1095.2,10017.6,20.88,24.3,809.7,63.1,40.62
D460,District_460,513.54,8629.4,20.66,32.6,181.8,76.0,46.23
D161,District_161,708.26,9421.1,23.69,46.0,258.6,76.7,52.48
D277,District_277,723.27,7640.3,27.33,31.8,574.0,55.8,55.28
,District_956,627.16,7575.0,29.1,43.6,334.1,62.1,57.42
,District_192,913.18,9541.6,18.03,24.8,588.5,65.7,41.74
D386,District_386,372.12,5927.9,32.95,38.6,80.0,38.8,68.05
D806,District_806,901.41,8639.5,21.83,,231.7,81.6,46.38
D414,District_414,734.57,10094.7,27.5,27.1,533.1,65.9,45.16
D492,District_492,632.79,8302.3,41.94,53.3,118.1,80.8,63.82
D344,District_344,821.32,9819.3,22.12,44.8,1011.7,65.5,44.26
D770,District_770,957.43,9857.9,19.99,35.6,2256.1,78.7,35.79
D309,District_309,698.46,8628.8,23.49,,341.2,67.2,47.27
D662,District_662,947.66,9805.2,12.9,24.6,1477.8,,36.82
D131,District_131,1190.13,9824.9,19.54,24.6,2008.8,94.8,
,District_664,702.33,9192.3,29.91,28.2,228.9,44.4,51.0
D872,District_872,555.65,7530.1,37.53,46.3,652.3,42.6,63.2
D100,District_100,129.64,5784.0,52.02,47.8,88.8,8.2,87.7
D373,District_373,,4403.1,,46.8,80.0,5.0,82.31
D088,District_088,419.98,7640.3,32.62,30.1,460.0,24.5,58.61
D459,District_459,1143.99,8711.4,22.66,40.7,482.9,58.1,39.12
D331,District_331,755.3,9632.0,22.48,34.5,1302.3,43.5,48.01
D215,District_215,435.77,8057.1,35.19,42.4,115.7,42.6,65.27
D467,District_467,932.84,8975.1,23.15,38.7,385.4,65.3,47.62
D122,District_122,841.57,8192.3,32.33,,384.2,59.7,51.26
D615,District_615,923.97,9705.7,,37.3,924.8,86.2,41.67
D021,District_021,717.62,8340.1,28.37,38.1,,52.0,52.36
D701,District_701,507.25,6680.5,31.18,37.1,261.4,49.3,66.82
D072,District_072,673.44,7143.2,32.52,46.8,1301.4,60.9,59.95
D107,District_107,278.54,7677.2,41.86,44.7,88.1,41.1,73.03
D271,District_271,640.15,8375.2,34.52,21.6,1960.1,46.9,53.71
D861,District_861,1043.29,9210.5,15.7,42.2,1000.4,,41.01
D436,,489.09,7547.0,24.86,44.8,154.0,45.3,62.93
D103,District_103,531.45,8969.1,32.2,40.4,283.3,,59.08
